ts,context,dep_replicas,dep_ready,hpa_current,hpa_desired,cpu_cur_util,cpu_target_util,pods_cpu_m_sum,pods_cpu_m_list,pods_mem_mi_sum,pods_mem_mi_list,lastScaleTime
2026-02-06T00:19:34-06:00,kind-cluster,1,1,1,1,1,50,1,cpu-nginx-74476f8d7f-zr58z=1m,21.000,cpu-nginx-74476f8d7f-zr58z=21.000Mi,2026-02-06T06:18:21Z
2026-02-06T00:19:35-06:00,kind-cluster,1,1,1,1,1,50,1,cpu-nginx-74476f8d7f-zr58z=1m,21.000,cpu-nginx-74476f8d7f-zr58z=21.000Mi,2026-02-06T06:18:21Z
2026-02-06T00:19:36-06:00,kind-cluster,1,1,1,1,1,50,1,cpu-nginx-74476f8d7f-zr58z=1m,21.000,cpu-nginx-74476f8d7f-zr58z=21.000Mi,2026-02-06T06:18:21Z
2026-02-06T00:19:37-06:00,kind-cluster,1,1,1,1,1,50,1,cpu-nginx-74476f8d7f-zr58z=1m,21.000,cpu-nginx-74476f8d7f-zr58z=21.000Mi,2026-02-06T06:18:21Z
2026-02-06T00:19:38-06:00,kind-cluster,1,1,1,1,1,50,1,cpu-nginx-74476f8d7f-zr58z=1m,21.000,cpu-nginx-74476f8d7f-zr58z=21.000Mi,2026-02-06T06:18:21Z
2026-02-06T00:19:39-06:00,kind-cluster,1,1,1,1,1,50,1,cpu-nginx-74476f8d7f-zr58z=1m,21.000,cpu-nginx-74476f8d7f-zr58z=21.000Mi,2026-02-06T06:18:21Z
2026-02-06T00:19:41-06:00,kind-cluster,1,1,1,1,1,50,1,cpu-nginx-74476f8d7f-zr58z=1m,21.000,cpu-nginx-74476f8d7f-zr58z=21.000Mi,2026-02-06T06:18:21Z
2026-02-06T00:19:42-06:00,kind-cluster,1,1,1,1,1,50,1,cpu-nginx-74476f8d7f-zr58z=1m,21.000,cpu-nginx-74476f8d7f-zr58z=21.000Mi,2026-02-06T06:18:21Z
2026-02-06T00:19:43-06:00,kind-cluster,1,1,1,1,1,50,1,cpu-nginx-74476f8d7f-zr58z=1m,21.000,cpu-nginx-74476f8d7f-zr58z=21.000Mi,2026-02-06T06:18:21Z
2026-02-06T00:19:44-06:00,kind-cluster,1,1,1,1,1,50,1,cpu-nginx-74476f8d7f-zr58z=1m,21.000,cpu-nginx-74476f8d7f-zr58z=21.000Mi,2026-02-06T06:18:21Z
2026-02-06T00:19:45-06:00,kind-cluster,1,1,1,1,1,50,1,cpu-nginx-74476f8d7f-zr58z=1m,21.000,cpu-nginx-74476f8d7f-zr58z=21.000Mi,2026-02-06T06:18:21Z
2026-02-06T00:19:47-06:00,kind-cluster,1,1,1,1,1,50,1,cpu-nginx-74476f8d7f-zr58z=1m,21.000,cpu-nginx-74476f8d7f-zr58z=21.000Mi,2026-02-06T06:18:21Z
2026-02-06T00:19:48-06:00,kind-cluster,1,1,1,1,1,50,1,cpu-nginx-74476f8d7f-zr58z=1m,21.000,cpu-nginx-74476f8d7f-zr58z=21.000Mi,2026-02-06T06:18:21Z
2026-02-06T00:19:49-06:00,kind-cluster,1,1,1,1,1,50,1,cpu-nginx-74476f8d7f-zr58z=1m,21.000,cpu-nginx-74476f8d7f-zr58z=21.000Mi,2026-02-06T06:18:21Z
2026-02-06T00:19:50-06:00,kind-cluster,1,1,1,1,1,50,0,cpu-nginx-74476f8d7f-zr58z=0m,21.000,cpu-nginx-74476f8d7f-zr58z=21.000Mi,2026-02-06T06:18:21Z
2026-02-06T00:19:51-06:00,kind-cluster,1,1,1,1,1,50,0,cpu-nginx-74476f8d7f-zr58z=0m,21.000,cpu-nginx-74476f8d7f-zr58z=21.000Mi,2026-02-06T06:18:21Z
2026-02-06T00:19:52-06:00,kind-cluster,1,1,1,1,0,50,0,cpu-nginx-74476f8d7f-zr58z=0m,21.000,cpu-nginx-74476f8d7f-zr58z=21.000Mi,2026-02-06T06:18:21Z
2026-02-06T00:19:54-06:00,kind-cluster,1,1,1,1,0,50,0,cpu-nginx-74476f8d7f-zr58z=0m,21.000,cpu-nginx-74476f8d7f-zr58z=21.000Mi,2026-02-06T06:18:21Z
2026-02-06T00:19:55-06:00,kind-cluster,1,1,1,1,0,50,0,cpu-nginx-74476f8d7f-zr58z=0m,21.000,cpu-nginx-74476f8d7f-zr58z=21.000Mi,2026-02-06T06:18:21Z
2026-02-06T00:19:56-06:00,kind-cluster,1,1,1,1,0,50,0,cpu-nginx-74476f8d7f-zr58z=0m,21.000,cpu-nginx-74476f8d7f-zr58z=21.000Mi,2026-02-06T06:18:21Z
2026-02-06T00:19:57-06:00,kind-cluster,1,1,1,1,0,50,0,cpu-nginx-74476f8d7f-zr58z=0m,21.000,cpu-nginx-74476f8d7f-zr58z=21.000Mi,2026-02-06T06:18:21Z
2026-02-06T00:19:58-06:00,kind-cluster,1,1,1,1,0,50,0,cpu-nginx-74476f8d7f-zr58z=0m,21.000,cpu-nginx-74476f8d7f-zr58z=21.000Mi,2026-02-06T06:18:21Z
2026-02-06T00:20:00-06:00,kind-cluster,1,1,1,1,0,50,0,cpu-nginx-74476f8d7f-zr58z=0m,21.000,cpu-nginx-74476f8d7f-zr58z=21.000Mi,2026-02-06T06:18:21Z
2026-02-06T00:20:01-06:00,kind-cluster,1,1,1,1,0,50,0,cpu-nginx-74476f8d7f-zr58z=0m,21.000,cpu-nginx-74476f8d7f-zr58z=21.000Mi,2026-02-06T06:18:21Z
2026-02-06T00:20:02-06:00,kind-cluster,1,1,1,1,0,50,0,cpu-nginx-74476f8d7f-zr58z=0m,21.000,cpu-nginx-74476f8d7f-zr58z=21.000Mi,2026-02-06T06:18:21Z
2026-02-06T00:20:03-06:00,kind-cluster,1,1,1,1,0,50,0,cpu-nginx-74476f8d7f-zr58z=0m,21.000,cpu-nginx-74476f8d7f-zr58z=21.000Mi,2026-02-06T06:18:21Z
2026-02-06T00:20:04-06:00,kind-cluster,1,1,1,1,0,50,1,cpu-nginx-74476f8d7f-zr58z=1m,21.000,cpu-nginx-74476f8d7f-zr58z=21.000Mi,2026-02-06T06:18:21Z
2026-02-06T00:20:05-06:00,kind-cluster,1,1,1,1,0,50,1,cpu-nginx-74476f8d7f-zr58z=1m,21.000,cpu-nginx-74476f8d7f-zr58z=21.000Mi,2026-02-06T06:18:21Z
2026-02-06T00:20:07-06:00,kind-cluster,1,1,1,1,1,50,1,cpu-nginx-74476f8d7f-zr58z=1m,21.000,cpu-nginx-74476f8d7f-zr58z=21.000Mi,2026-02-06T06:18:21Z
2026-02-06T00:20:08-06:00,kind-cluster,1,1,1,1,1,50,1,cpu-nginx-74476f8d7f-zr58z=1m,21.000,cpu-nginx-74476f8d7f-zr58z=21.000Mi,2026-02-06T06:18:21Z
2026-02-06T00:20:09-06:00,kind-cluster,1,1,1,1,1,50,1,cpu-nginx-74476f8d7f-zr58z=1m,21.000,cpu-nginx-74476f8d7f-zr58z=21.000Mi,2026-02-06T06:18:21Z
2026-02-06T00:20:10-06:00,kind-cluster,1,1,1,1,1,50,1,cpu-nginx-74476f8d7f-zr58z=1m,21.000,cpu-nginx-74476f8d7f-zr58z=21.000Mi,2026-02-06T06:18:21Z
2026-02-06T00:20:11-06:00,kind-cluster,1,1,1,1,1,50,1,cpu-nginx-74476f8d7f-zr58z=1m,21.000,cpu-nginx-74476f8d7f-zr58z=21.000Mi,2026-02-06T06:18:21Z
2026-02-06T00:20:13-06:00,kind-cluster,1,1,1,1,1,50,1,cpu-nginx-74476f8d7f-zr58z=1m,21.000,cpu-nginx-74476f8d7f-zr58z=21.000Mi,2026-02-06T06:18:21Z
2026-02-06T00:20:14-06:00,kind-cluster,1,1,1,1,1,50,1,cpu-nginx-74476f8d7f-zr58z=1m,21.000,cpu-nginx-74476f8d7f-zr58z=21.000Mi,2026-02-06T06:18:21Z
2026-02-06T00:20:15-06:00,kind-cluster,1,1,1,1,1,50,1,cpu-nginx-74476f8d7f-zr58z=1m,21.000,cpu-nginx-74476f8d7f-zr58z=21.000Mi,2026-02-06T06:18:21Z
2026-02-06T00:20:16-06:00,kind-cluster,1,1,1,1,1,50,1,cpu-nginx-74476f8d7f-zr58z=1m,21.000,cpu-nginx-74476f8d7f-zr58z=21.000Mi,2026-02-06T06:18:21Z
2026-02-06T00:20:17-06:00,kind-cluster,1,1,1,1,1,50,1,cpu-nginx-74476f8d7f-zr58z=1m,21.000,cpu-nginx-74476f8d7f-zr58z=21.000Mi,2026-02-06T06:18:21Z
2026-02-06T00:20:18-06:00,kind-cluster,1,1,1,1,1,50,1,cpu-nginx-74476f8d7f-zr58z=1m,21.000,cpu-nginx-74476f8d7f-zr58z=21.000Mi,2026-02-06T06:18:21Z
2026-02-06T00:20:20-06:00,kind-cluster,1,1,1,1,1,50,208,cpu-nginx-74476f8d7f-zr58z=208m,23.000,cpu-nginx-74476f8d7f-zr58z=23.000Mi,2026-02-06T06:18:21Z
2026-02-06T00:20:21-06:00,kind-cluster,1,1,1,1,1,50,208,cpu-nginx-74476f8d7f-zr58z=208m,23.000,cpu-nginx-74476f8d7f-zr58z=23.000Mi,2026-02-06T06:18:21Z
2026-02-06T00:20:22-06:00,kind-cluster,5,1,1,5,208,50,208,cpu-nginx-74476f8d7f-zr58z=208m,23.000,cpu-nginx-74476f8d7f-zr58z=23.000Mi,2026-02-06T06:20:22Z
2026-02-06T00:20:23-06:00,kind-cluster,5,5,1,5,208,50,208,cpu-nginx-74476f8d7f-zr58z=208m,23.000,cpu-nginx-74476f8d7f-zr58z=23.000Mi,2026-02-06T06:20:22Z
2026-02-06T00:20:24-06:00,kind-cluster,5,5,1,5,208,50,208,cpu-nginx-74476f8d7f-zr58z=208m,23.000,cpu-nginx-74476f8d7f-zr58z=23.000Mi,2026-02-06T06:20:22Z
2026-02-06T00:20:26-06:00,kind-cluster,5,5,1,5,208,50,208,cpu-nginx-74476f8d7f-zr58z=208m,23.000,cpu-nginx-74476f8d7f-zr58z=23.000Mi,2026-02-06T06:20:22Z
2026-02-06T00:20:27-06:00,kind-cluster,5,5,5,5,208,50,208,cpu-nginx-74476f8d7f-zr58z=208m,23.000,cpu-nginx-74476f8d7f-zr58z=23.000Mi,2026-02-06T06:20:22Z
2026-02-06T00:20:28-06:00,kind-cluster,5,5,5,5,208,50,208,cpu-nginx-74476f8d7f-zr58z=208m,23.000,cpu-nginx-74476f8d7f-zr58z=23.000Mi,2026-02-06T06:20:22Z
2026-02-06T00:20:29-06:00,kind-cluster,5,5,5,5,208,50,208,cpu-nginx-74476f8d7f-zr58z=208m,23.000,cpu-nginx-74476f8d7f-zr58z=23.000Mi,2026-02-06T06:20:22Z
2026-02-06T00:20:30-06:00,kind-cluster,5,5,5,5,208,50,208,cpu-nginx-74476f8d7f-zr58z=208m,23.000,cpu-nginx-74476f8d7f-zr58z=23.000Mi,2026-02-06T06:20:22Z
2026-02-06T00:20:31-06:00,kind-cluster,5,5,5,5,208,50,208,cpu-nginx-74476f8d7f-zr58z=208m,23.000,cpu-nginx-74476f8d7f-zr58z=23.000Mi,2026-02-06T06:20:22Z
2026-02-06T00:20:33-06:00,kind-cluster,5,5,5,5,208,50,208,cpu-nginx-74476f8d7f-zr58z=208m,23.000,cpu-nginx-74476f8d7f-zr58z=23.000Mi,2026-02-06T06:20:22Z
2026-02-06T00:20:34-06:00,kind-cluster,5,5,5,5,208,50,208,cpu-nginx-74476f8d7f-zr58z=208m,23.000,cpu-nginx-74476f8d7f-zr58z=23.000Mi,2026-02-06T06:20:22Z
2026-02-06T00:20:35-06:00,kind-cluster,5,5,5,5,208,50,236,cpu-nginx-74476f8d7f-dffw4=4m; cpu-nginx-74476f8d7f-m8czx=4m; cpu-nginx-74476f8d7f-vl9sx=4m; cpu-nginx-74476f8d7f-wssgg=4m; cpu-nginx-74476f8d7f-zr58z=220m,76.000,cpu-nginx-74476f8d7f-dffw4=13.000Mi; cpu-nginx-74476f8d7f-m8czx=13.000Mi; cpu-nginx-74476f8d7f-vl9sx=13.000Mi; cpu-nginx-74476f8d7f-wssgg=13.000Mi; cpu-nginx-74476f8d7f-zr58z=24.000Mi,2026-02-06T06:20:22Z
2026-02-06T00:20:36-06:00,kind-cluster,5,5,5,5,208,50,236,cpu-nginx-74476f8d7f-dffw4=4m; cpu-nginx-74476f8d7f-m8czx=4m; cpu-nginx-74476f8d7f-vl9sx=4m; cpu-nginx-74476f8d7f-wssgg=4m; cpu-nginx-74476f8d7f-zr58z=220m,76.000,cpu-nginx-74476f8d7f-dffw4=13.000Mi; cpu-nginx-74476f8d7f-m8czx=13.000Mi; cpu-nginx-74476f8d7f-vl9sx=13.000Mi; cpu-nginx-74476f8d7f-wssgg=13.000Mi; cpu-nginx-74476f8d7f-zr58z=24.000Mi,2026-02-06T06:20:22Z
2026-02-06T00:20:37-06:00,kind-cluster,5,5,5,5,220,50,236,cpu-nginx-74476f8d7f-dffw4=4m; cpu-nginx-74476f8d7f-m8czx=4m; cpu-nginx-74476f8d7f-vl9sx=4m; cpu-nginx-74476f8d7f-wssgg=4m; cpu-nginx-74476f8d7f-zr58z=220m,76.000,cpu-nginx-74476f8d7f-dffw4=13.000Mi; cpu-nginx-74476f8d7f-m8czx=13.000Mi; cpu-nginx-74476f8d7f-vl9sx=13.000Mi; cpu-nginx-74476f8d7f-wssgg=13.000Mi; cpu-nginx-74476f8d7f-zr58z=24.000Mi,2026-02-06T06:20:22Z
2026-02-06T00:20:39-06:00,kind-cluster,5,5,5,5,220,50,236,cpu-nginx-74476f8d7f-dffw4=4m; cpu-nginx-74476f8d7f-m8czx=4m; cpu-nginx-74476f8d7f-vl9sx=4m; cpu-nginx-74476f8d7f-wssgg=4m; cpu-nginx-74476f8d7f-zr58z=220m,76.000,cpu-nginx-74476f8d7f-dffw4=13.000Mi; cpu-nginx-74476f8d7f-m8czx=13.000Mi; cpu-nginx-74476f8d7f-vl9sx=13.000Mi; cpu-nginx-74476f8d7f-wssgg=13.000Mi; cpu-nginx-74476f8d7f-zr58z=24.000Mi,2026-02-06T06:20:22Z
2026-02-06T00:20:40-06:00,kind-cluster,5,5,5,5,220,50,236,cpu-nginx-74476f8d7f-dffw4=4m; cpu-nginx-74476f8d7f-m8czx=4m; cpu-nginx-74476f8d7f-vl9sx=4m; cpu-nginx-74476f8d7f-wssgg=4m; cpu-nginx-74476f8d7f-zr58z=220m,76.000,cpu-nginx-74476f8d7f-dffw4=13.000Mi; cpu-nginx-74476f8d7f-m8czx=13.000Mi; cpu-nginx-74476f8d7f-vl9sx=13.000Mi; cpu-nginx-74476f8d7f-wssgg=13.000Mi; cpu-nginx-74476f8d7f-zr58z=24.000Mi,2026-02-06T06:20:22Z
2026-02-06T00:20:41-06:00,kind-cluster,5,5,5,5,220,50,236,cpu-nginx-74476f8d7f-dffw4=4m; cpu-nginx-74476f8d7f-m8czx=4m; cpu-nginx-74476f8d7f-vl9sx=4m; cpu-nginx-74476f8d7f-wssgg=4m; cpu-nginx-74476f8d7f-zr58z=220m,76.000,cpu-nginx-74476f8d7f-dffw4=13.000Mi; cpu-nginx-74476f8d7f-m8czx=13.000Mi; cpu-nginx-74476f8d7f-vl9sx=13.000Mi; cpu-nginx-74476f8d7f-wssgg=13.000Mi; cpu-nginx-74476f8d7f-zr58z=24.000Mi,2026-02-06T06:20:22Z
2026-02-06T00:20:42-06:00,kind-cluster,5,5,5,5,220,50,236,cpu-nginx-74476f8d7f-dffw4=4m; cpu-nginx-74476f8d7f-m8czx=4m; cpu-nginx-74476f8d7f-vl9sx=4m; cpu-nginx-74476f8d7f-wssgg=4m; cpu-nginx-74476f8d7f-zr58z=220m,76.000,cpu-nginx-74476f8d7f-dffw4=13.000Mi; cpu-nginx-74476f8d7f-m8czx=13.000Mi; cpu-nginx-74476f8d7f-vl9sx=13.000Mi; cpu-nginx-74476f8d7f-wssgg=13.000Mi; cpu-nginx-74476f8d7f-zr58z=24.000Mi,2026-02-06T06:20:22Z
2026-02-06T00:20:43-06:00,kind-cluster,5,5,5,5,220,50,236,cpu-nginx-74476f8d7f-dffw4=4m; cpu-nginx-74476f8d7f-m8czx=4m; cpu-nginx-74476f8d7f-vl9sx=4m; cpu-nginx-74476f8d7f-wssgg=4m; cpu-nginx-74476f8d7f-zr58z=220m,76.000,cpu-nginx-74476f8d7f-dffw4=13.000Mi; cpu-nginx-74476f8d7f-m8czx=13.000Mi; cpu-nginx-74476f8d7f-vl9sx=13.000Mi; cpu-nginx-74476f8d7f-wssgg=13.000Mi; cpu-nginx-74476f8d7f-zr58z=24.000Mi,2026-02-06T06:20:22Z
2026-02-06T00:20:45-06:00,kind-cluster,5,5,5,5,220,50,236,cpu-nginx-74476f8d7f-dffw4=4m; cpu-nginx-74476f8d7f-m8czx=4m; cpu-nginx-74476f8d7f-vl9sx=4m; cpu-nginx-74476f8d7f-wssgg=4m; cpu-nginx-74476f8d7f-zr58z=220m,76.000,cpu-nginx-74476f8d7f-dffw4=13.000Mi; cpu-nginx-74476f8d7f-m8czx=13.000Mi; cpu-nginx-74476f8d7f-vl9sx=13.000Mi; cpu-nginx-74476f8d7f-wssgg=13.000Mi; cpu-nginx-74476f8d7f-zr58z=24.000Mi,2026-02-06T06:20:22Z
2026-02-06T00:20:46-06:00,kind-cluster,5,5,5,5,220,50,236,cpu-nginx-74476f8d7f-dffw4=4m; cpu-nginx-74476f8d7f-m8czx=4m; cpu-nginx-74476f8d7f-vl9sx=4m; cpu-nginx-74476f8d7f-wssgg=4m; cpu-nginx-74476f8d7f-zr58z=220m,76.000,cpu-nginx-74476f8d7f-dffw4=13.000Mi; cpu-nginx-74476f8d7f-m8czx=13.000Mi; cpu-nginx-74476f8d7f-vl9sx=13.000Mi; cpu-nginx-74476f8d7f-wssgg=13.000Mi; cpu-nginx-74476f8d7f-zr58z=24.000Mi,2026-02-06T06:20:22Z
2026-02-06T00:20:47-06:00,kind-cluster,5,5,5,5,220,50,236,cpu-nginx-74476f8d7f-dffw4=4m; cpu-nginx-74476f8d7f-m8czx=4m; cpu-nginx-74476f8d7f-vl9sx=4m; cpu-nginx-74476f8d7f-wssgg=4m; cpu-nginx-74476f8d7f-zr58z=220m,76.000,cpu-nginx-74476f8d7f-dffw4=13.000Mi; cpu-nginx-74476f8d7f-m8czx=13.000Mi; cpu-nginx-74476f8d7f-vl9sx=13.000Mi; cpu-nginx-74476f8d7f-wssgg=13.000Mi; cpu-nginx-74476f8d7f-zr58z=24.000Mi,2026-02-06T06:20:22Z
2026-02-06T00:20:48-06:00,kind-cluster,5,5,5,5,220,50,236,cpu-nginx-74476f8d7f-dffw4=4m; cpu-nginx-74476f8d7f-m8czx=4m; cpu-nginx-74476f8d7f-vl9sx=4m; cpu-nginx-74476f8d7f-wssgg=4m; cpu-nginx-74476f8d7f-zr58z=220m,76.000,cpu-nginx-74476f8d7f-dffw4=13.000Mi; cpu-nginx-74476f8d7f-m8czx=13.000Mi; cpu-nginx-74476f8d7f-vl9sx=13.000Mi; cpu-nginx-74476f8d7f-wssgg=13.000Mi; cpu-nginx-74476f8d7f-zr58z=24.000Mi,2026-02-06T06:20:22Z
2026-02-06T00:20:49-06:00,kind-cluster,5,5,5,5,220,50,223,cpu-nginx-74476f8d7f-dffw4=4m; cpu-nginx-74476f8d7f-m8czx=0m; cpu-nginx-74476f8d7f-vl9sx=0m; cpu-nginx-74476f8d7f-wssgg=0m; cpu-nginx-74476f8d7f-zr58z=219m,76.000,cpu-nginx-74476f8d7f-dffw4=13.000Mi; cpu-nginx-74476f8d7f-m8czx=13.000Mi; cpu-nginx-74476f8d7f-vl9sx=13.000Mi; cpu-nginx-74476f8d7f-wssgg=13.000Mi; cpu-nginx-74476f8d7f-zr58z=24.000Mi,2026-02-06T06:20:22Z
2026-02-06T00:20:50-06:00,kind-cluster,5,5,5,5,220,50,223,cpu-nginx-74476f8d7f-dffw4=4m; cpu-nginx-74476f8d7f-m8czx=0m; cpu-nginx-74476f8d7f-vl9sx=0m; cpu-nginx-74476f8d7f-wssgg=0m; cpu-nginx-74476f8d7f-zr58z=219m,76.000,cpu-nginx-74476f8d7f-dffw4=13.000Mi; cpu-nginx-74476f8d7f-m8czx=13.000Mi; cpu-nginx-74476f8d7f-vl9sx=13.000Mi; cpu-nginx-74476f8d7f-wssgg=13.000Mi; cpu-nginx-74476f8d7f-zr58z=24.000Mi,2026-02-06T06:20:22Z
2026-02-06T00:20:52-06:00,kind-cluster,5,5,5,5,220,50,223,cpu-nginx-74476f8d7f-dffw4=4m; cpu-nginx-74476f8d7f-m8czx=0m; cpu-nginx-74476f8d7f-vl9sx=0m; cpu-nginx-74476f8d7f-wssgg=0m; cpu-nginx-74476f8d7f-zr58z=219m,76.000,cpu-nginx-74476f8d7f-dffw4=13.000Mi; cpu-nginx-74476f8d7f-m8czx=13.000Mi; cpu-nginx-74476f8d7f-vl9sx=13.000Mi; cpu-nginx-74476f8d7f-wssgg=13.000Mi; cpu-nginx-74476f8d7f-zr58z=24.000Mi,2026-02-06T06:20:22Z
2026-02-06T00:20:53-06:00,kind-cluster,5,5,5,5,54,50,223,cpu-nginx-74476f8d7f-dffw4=4m; cpu-nginx-74476f8d7f-m8czx=0m; cpu-nginx-74476f8d7f-vl9sx=0m; cpu-nginx-74476f8d7f-wssgg=0m; cpu-nginx-74476f8d7f-zr58z=219m,76.000,cpu-nginx-74476f8d7f-dffw4=13.000Mi; cpu-nginx-74476f8d7f-m8czx=13.000Mi; cpu-nginx-74476f8d7f-vl9sx=13.000Mi; cpu-nginx-74476f8d7f-wssgg=13.000Mi; cpu-nginx-74476f8d7f-zr58z=24.000Mi,2026-02-06T06:20:22Z
2026-02-06T00:20:54-06:00,kind-cluster,5,5,5,5,54,50,223,cpu-nginx-74476f8d7f-dffw4=4m; cpu-nginx-74476f8d7f-m8czx=0m; cpu-nginx-74476f8d7f-vl9sx=0m; cpu-nginx-74476f8d7f-wssgg=0m; cpu-nginx-74476f8d7f-zr58z=219m,76.000,cpu-nginx-74476f8d7f-dffw4=13.000Mi; cpu-nginx-74476f8d7f-m8czx=13.000Mi; cpu-nginx-74476f8d7f-vl9sx=13.000Mi; cpu-nginx-74476f8d7f-wssgg=13.000Mi; cpu-nginx-74476f8d7f-zr58z=24.000Mi,2026-02-06T06:20:22Z
2026-02-06T00:20:55-06:00,kind-cluster,5,5,5,5,54,50,223,cpu-nginx-74476f8d7f-dffw4=4m; cpu-nginx-74476f8d7f-m8czx=0m; cpu-nginx-74476f8d7f-vl9sx=0m; cpu-nginx-74476f8d7f-wssgg=0m; cpu-nginx-74476f8d7f-zr58z=219m,76.000,cpu-nginx-74476f8d7f-dffw4=13.000Mi; cpu-nginx-74476f8d7f-m8czx=13.000Mi; cpu-nginx-74476f8d7f-vl9sx=13.000Mi; cpu-nginx-74476f8d7f-wssgg=13.000Mi; cpu-nginx-74476f8d7f-zr58z=24.000Mi,2026-02-06T06:20:22Z
2026-02-06T00:20:56-06:00,kind-cluster,5,5,5,5,54,50,223,cpu-nginx-74476f8d7f-dffw4=4m; cpu-nginx-74476f8d7f-m8czx=0m; cpu-nginx-74476f8d7f-vl9sx=0m; cpu-nginx-74476f8d7f-wssgg=0m; cpu-nginx-74476f8d7f-zr58z=219m,76.000,cpu-nginx-74476f8d7f-dffw4=13.000Mi; cpu-nginx-74476f8d7f-m8czx=13.000Mi; cpu-nginx-74476f8d7f-vl9sx=13.000Mi; cpu-nginx-74476f8d7f-wssgg=13.000Mi; cpu-nginx-74476f8d7f-zr58z=24.000Mi,2026-02-06T06:20:22Z
2026-02-06T00:20:58-06:00,kind-cluster,5,5,5,5,54,50,223,cpu-nginx-74476f8d7f-dffw4=4m; cpu-nginx-74476f8d7f-m8czx=0m; cpu-nginx-74476f8d7f-vl9sx=0m; cpu-nginx-74476f8d7f-wssgg=0m; cpu-nginx-74476f8d7f-zr58z=219m,76.000,cpu-nginx-74476f8d7f-dffw4=13.000Mi; cpu-nginx-74476f8d7f-m8czx=13.000Mi; cpu-nginx-74476f8d7f-vl9sx=13.000Mi; cpu-nginx-74476f8d7f-wssgg=13.000Mi; cpu-nginx-74476f8d7f-zr58z=24.000Mi,2026-02-06T06:20:22Z
2026-02-06T00:20:59-06:00,kind-cluster,5,5,5,5,54,50,223,cpu-nginx-74476f8d7f-dffw4=4m; cpu-nginx-74476f8d7f-m8czx=0m; cpu-nginx-74476f8d7f-vl9sx=0m; cpu-nginx-74476f8d7f-wssgg=0m; cpu-nginx-74476f8d7f-zr58z=219m,76.000,cpu-nginx-74476f8d7f-dffw4=13.000Mi; cpu-nginx-74476f8d7f-m8czx=13.000Mi; cpu-nginx-74476f8d7f-vl9sx=13.000Mi; cpu-nginx-74476f8d7f-wssgg=13.000Mi; cpu-nginx-74476f8d7f-zr58z=24.000Mi,2026-02-06T06:20:22Z
2026-02-06T00:21:00-06:00,kind-cluster,5,5,5,5,54,50,223,cpu-nginx-74476f8d7f-dffw4=4m; cpu-nginx-74476f8d7f-m8czx=0m; cpu-nginx-74476f8d7f-vl9sx=0m; cpu-nginx-74476f8d7f-wssgg=0m; cpu-nginx-74476f8d7f-zr58z=219m,76.000,cpu-nginx-74476f8d7f-dffw4=13.000Mi; cpu-nginx-74476f8d7f-m8czx=13.000Mi; cpu-nginx-74476f8d7f-vl9sx=13.000Mi; cpu-nginx-74476f8d7f-wssgg=13.000Mi; cpu-nginx-74476f8d7f-zr58z=24.000Mi,2026-02-06T06:20:22Z
2026-02-06T00:21:01-06:00,kind-cluster,5,5,5,5,54,50,223,cpu-nginx-74476f8d7f-dffw4=4m; cpu-nginx-74476f8d7f-m8czx=0m; cpu-nginx-74476f8d7f-vl9sx=0m; cpu-nginx-74476f8d7f-wssgg=0m; cpu-nginx-74476f8d7f-zr58z=219m,76.000,cpu-nginx-74476f8d7f-dffw4=13.000Mi; cpu-nginx-74476f8d7f-m8czx=13.000Mi; cpu-nginx-74476f8d7f-vl9sx=13.000Mi; cpu-nginx-74476f8d7f-wssgg=13.000Mi; cpu-nginx-74476f8d7f-zr58z=24.000Mi,2026-02-06T06:20:22Z
2026-02-06T00:21:02-06:00,kind-cluster,5,5,5,5,54,50,223,cpu-nginx-74476f8d7f-dffw4=4m; cpu-nginx-74476f8d7f-m8czx=0m; cpu-nginx-74476f8d7f-vl9sx=0m; cpu-nginx-74476f8d7f-wssgg=0m; cpu-nginx-74476f8d7f-zr58z=219m,76.000,cpu-nginx-74476f8d7f-dffw4=13.000Mi; cpu-nginx-74476f8d7f-m8czx=13.000Mi; cpu-nginx-74476f8d7f-vl9sx=13.000Mi; cpu-nginx-74476f8d7f-wssgg=13.000Mi; cpu-nginx-74476f8d7f-zr58z=24.000Mi,2026-02-06T06:20:22Z
2026-02-06T00:21:04-06:00,kind-cluster,5,5,5,5,54,50,223,cpu-nginx-74476f8d7f-dffw4=4m; cpu-nginx-74476f8d7f-m8czx=0m; cpu-nginx-74476f8d7f-vl9sx=0m; cpu-nginx-74476f8d7f-wssgg=0m; cpu-nginx-74476f8d7f-zr58z=219m,76.000,cpu-nginx-74476f8d7f-dffw4=13.000Mi; cpu-nginx-74476f8d7f-m8czx=13.000Mi; cpu-nginx-74476f8d7f-vl9sx=13.000Mi; cpu-nginx-74476f8d7f-wssgg=13.000Mi; cpu-nginx-74476f8d7f-zr58z=24.000Mi,2026-02-06T06:20:22Z
2026-02-06T00:21:05-06:00,kind-cluster,5,5,5,5,54,50,219,cpu-nginx-74476f8d7f-dffw4=0m; cpu-nginx-74476f8d7f-m8czx=0m; cpu-nginx-74476f8d7f-vl9sx=0m; cpu-nginx-74476f8d7f-wssgg=0m; cpu-nginx-74476f8d7f-zr58z=219m,77.000,cpu-nginx-74476f8d7f-dffw4=13.000Mi; cpu-nginx-74476f8d7f-m8czx=13.000Mi; cpu-nginx-74476f8d7f-vl9sx=13.000Mi; cpu-nginx-74476f8d7f-wssgg=13.000Mi; cpu-nginx-74476f8d7f-zr58z=25.000Mi,2026-02-06T06:20:22Z
2026-02-06T00:21:06-06:00,kind-cluster,5,5,5,5,54,50,219,cpu-nginx-74476f8d7f-dffw4=0m; cpu-nginx-74476f8d7f-m8czx=0m; cpu-nginx-74476f8d7f-vl9sx=0m; cpu-nginx-74476f8d7f-wssgg=0m; cpu-nginx-74476f8d7f-zr58z=219m,77.000,cpu-nginx-74476f8d7f-dffw4=13.000Mi; cpu-nginx-74476f8d7f-m8czx=13.000Mi; cpu-nginx-74476f8d7f-vl9sx=13.000Mi; cpu-nginx-74476f8d7f-wssgg=13.000Mi; cpu-nginx-74476f8d7f-zr58z=25.000Mi,2026-02-06T06:20:22Z
2026-02-06T00:21:07-06:00,kind-cluster,5,5,5,5,43,50,219,cpu-nginx-74476f8d7f-dffw4=0m; cpu-nginx-74476f8d7f-m8czx=0m; cpu-nginx-74476f8d7f-vl9sx=0m; cpu-nginx-74476f8d7f-wssgg=0m; cpu-nginx-74476f8d7f-zr58z=219m,77.000,cpu-nginx-74476f8d7f-dffw4=13.000Mi; cpu-nginx-74476f8d7f-m8czx=13.000Mi; cpu-nginx-74476f8d7f-vl9sx=13.000Mi; cpu-nginx-74476f8d7f-wssgg=13.000Mi; cpu-nginx-74476f8d7f-zr58z=25.000Mi,2026-02-06T06:20:22Z
2026-02-06T00:21:08-06:00,kind-cluster,5,5,5,5,43,50,219,cpu-nginx-74476f8d7f-dffw4=0m; cpu-nginx-74476f8d7f-m8czx=0m; cpu-nginx-74476f8d7f-vl9sx=0m; cpu-nginx-74476f8d7f-wssgg=0m; cpu-nginx-74476f8d7f-zr58z=219m,77.000,cpu-nginx-74476f8d7f-dffw4=13.000Mi; cpu-nginx-74476f8d7f-m8czx=13.000Mi; cpu-nginx-74476f8d7f-vl9sx=13.000Mi; cpu-nginx-74476f8d7f-wssgg=13.000Mi; cpu-nginx-74476f8d7f-zr58z=25.000Mi,2026-02-06T06:20:22Z
2026-02-06T00:21:10-06:00,kind-cluster,5,5,5,5,43,50,219,cpu-nginx-74476f8d7f-dffw4=0m; cpu-nginx-74476f8d7f-m8czx=0m; cpu-nginx-74476f8d7f-vl9sx=0m; cpu-nginx-74476f8d7f-wssgg=0m; cpu-nginx-74476f8d7f-zr58z=219m,77.000,cpu-nginx-74476f8d7f-dffw4=13.000Mi; cpu-nginx-74476f8d7f-m8czx=13.000Mi; cpu-nginx-74476f8d7f-vl9sx=13.000Mi; cpu-nginx-74476f8d7f-wssgg=13.000Mi; cpu-nginx-74476f8d7f-zr58z=25.000Mi,2026-02-06T06:20:22Z
2026-02-06T00:21:11-06:00,kind-cluster,5,5,5,5,43,50,219,cpu-nginx-74476f8d7f-dffw4=0m; cpu-nginx-74476f8d7f-m8czx=0m; cpu-nginx-74476f8d7f-vl9sx=0m; cpu-nginx-74476f8d7f-wssgg=0m; cpu-nginx-74476f8d7f-zr58z=219m,77.000,cpu-nginx-74476f8d7f-dffw4=13.000Mi; cpu-nginx-74476f8d7f-m8czx=13.000Mi; cpu-nginx-74476f8d7f-vl9sx=13.000Mi; cpu-nginx-74476f8d7f-wssgg=13.000Mi; cpu-nginx-74476f8d7f-zr58z=25.000Mi,2026-02-06T06:20:22Z
2026-02-06T00:21:12-06:00,kind-cluster,5,5,5,5,43,50,219,cpu-nginx-74476f8d7f-dffw4=0m; cpu-nginx-74476f8d7f-m8czx=0m; cpu-nginx-74476f8d7f-vl9sx=0m; cpu-nginx-74476f8d7f-wssgg=0m; cpu-nginx-74476f8d7f-zr58z=219m,77.000,cpu-nginx-74476f8d7f-dffw4=13.000Mi; cpu-nginx-74476f8d7f-m8czx=13.000Mi; cpu-nginx-74476f8d7f-vl9sx=13.000Mi; cpu-nginx-74476f8d7f-wssgg=13.000Mi; cpu-nginx-74476f8d7f-zr58z=25.000Mi,2026-02-06T06:20:22Z
2026-02-06T00:21:13-06:00,kind-cluster,5,5,5,5,43,50,219,cpu-nginx-74476f8d7f-dffw4=0m; cpu-nginx-74476f8d7f-m8czx=0m; cpu-nginx-74476f8d7f-vl9sx=0m; cpu-nginx-74476f8d7f-wssgg=0m; cpu-nginx-74476f8d7f-zr58z=219m,77.000,cpu-nginx-74476f8d7f-dffw4=13.000Mi; cpu-nginx-74476f8d7f-m8czx=13.000Mi; cpu-nginx-74476f8d7f-vl9sx=13.000Mi; cpu-nginx-74476f8d7f-wssgg=13.000Mi; cpu-nginx-74476f8d7f-zr58z=25.000Mi,2026-02-06T06:20:22Z
2026-02-06T00:21:14-06:00,kind-cluster,5,5,5,5,43,50,219,cpu-nginx-74476f8d7f-dffw4=0m; cpu-nginx-74476f8d7f-m8czx=0m; cpu-nginx-74476f8d7f-vl9sx=0m; cpu-nginx-74476f8d7f-wssgg=0m; cpu-nginx-74476f8d7f-zr58z=219m,77.000,cpu-nginx-74476f8d7f-dffw4=13.000Mi; cpu-nginx-74476f8d7f-m8czx=13.000Mi; cpu-nginx-74476f8d7f-vl9sx=13.000Mi; cpu-nginx-74476f8d7f-wssgg=13.000Mi; cpu-nginx-74476f8d7f-zr58z=25.000Mi,2026-02-06T06:20:22Z
2026-02-06T00:21:15-06:00,kind-cluster,5,5,5,5,43,50,219,cpu-nginx-74476f8d7f-dffw4=0m; cpu-nginx-74476f8d7f-m8czx=0m; cpu-nginx-74476f8d7f-vl9sx=0m; cpu-nginx-74476f8d7f-wssgg=0m; cpu-nginx-74476f8d7f-zr58z=219m,77.000,cpu-nginx-74476f8d7f-dffw4=13.000Mi; cpu-nginx-74476f8d7f-m8czx=13.000Mi; cpu-nginx-74476f8d7f-vl9sx=13.000Mi; cpu-nginx-74476f8d7f-wssgg=13.000Mi; cpu-nginx-74476f8d7f-zr58z=25.000Mi,2026-02-06T06:20:22Z
2026-02-06T00:21:17-06:00,kind-cluster,5,5,5,5,43,50,219,cpu-nginx-74476f8d7f-dffw4=0m; cpu-nginx-74476f8d7f-m8czx=0m; cpu-nginx-74476f8d7f-vl9sx=0m; cpu-nginx-74476f8d7f-wssgg=0m; cpu-nginx-74476f8d7f-zr58z=219m,77.000,cpu-nginx-74476f8d7f-dffw4=13.000Mi; cpu-nginx-74476f8d7f-m8czx=13.000Mi; cpu-nginx-74476f8d7f-vl9sx=13.000Mi; cpu-nginx-74476f8d7f-wssgg=13.000Mi; cpu-nginx-74476f8d7f-zr58z=25.000Mi,2026-02-06T06:20:22Z
2026-02-06T00:21:18-06:00,kind-cluster,5,5,5,5,43,50,219,cpu-nginx-74476f8d7f-dffw4=0m; cpu-nginx-74476f8d7f-m8czx=0m; cpu-nginx-74476f8d7f-vl9sx=0m; cpu-nginx-74476f8d7f-wssgg=0m; cpu-nginx-74476f8d7f-zr58z=219m,77.000,cpu-nginx-74476f8d7f-dffw4=13.000Mi; cpu-nginx-74476f8d7f-m8czx=13.000Mi; cpu-nginx-74476f8d7f-vl9sx=13.000Mi; cpu-nginx-74476f8d7f-wssgg=13.000Mi; cpu-nginx-74476f8d7f-zr58z=25.000Mi,2026-02-06T06:20:22Z
2026-02-06T00:21:19-06:00,kind-cluster,5,5,5,5,43,50,219,cpu-nginx-74476f8d7f-dffw4=0m; cpu-nginx-74476f8d7f-m8czx=0m; cpu-nginx-74476f8d7f-vl9sx=0m; cpu-nginx-74476f8d7f-wssgg=0m; cpu-nginx-74476f8d7f-zr58z=219m,77.000,cpu-nginx-74476f8d7f-dffw4=13.000Mi; cpu-nginx-74476f8d7f-m8czx=13.000Mi; cpu-nginx-74476f8d7f-vl9sx=13.000Mi; cpu-nginx-74476f8d7f-wssgg=13.000Mi; cpu-nginx-74476f8d7f-zr58z=25.000Mi,2026-02-06T06:20:22Z
2026-02-06T00:21:20-06:00,kind-cluster,5,5,5,5,43,50,219,cpu-nginx-74476f8d7f-dffw4=0m; cpu-nginx-74476f8d7f-m8czx=0m; cpu-nginx-74476f8d7f-vl9sx=0m; cpu-nginx-74476f8d7f-wssgg=0m; cpu-nginx-74476f8d7f-zr58z=219m,76.000,cpu-nginx-74476f8d7f-dffw4=13.000Mi; cpu-nginx-74476f8d7f-m8czx=13.000Mi; cpu-nginx-74476f8d7f-vl9sx=13.000Mi; cpu-nginx-74476f8d7f-wssgg=13.000Mi; cpu-nginx-74476f8d7f-zr58z=24.000Mi,2026-02-06T06:20:22Z
2026-02-06T00:21:21-06:00,kind-cluster,5,5,5,5,43,50,219,cpu-nginx-74476f8d7f-dffw4=0m; cpu-nginx-74476f8d7f-m8czx=0m; cpu-nginx-74476f8d7f-vl9sx=0m; cpu-nginx-74476f8d7f-wssgg=0m; cpu-nginx-74476f8d7f-zr58z=219m,76.000,cpu-nginx-74476f8d7f-dffw4=13.000Mi; cpu-nginx-74476f8d7f-m8czx=13.000Mi; cpu-nginx-74476f8d7f-vl9sx=13.000Mi; cpu-nginx-74476f8d7f-wssgg=13.000Mi; cpu-nginx-74476f8d7f-zr58z=24.000Mi,2026-02-06T06:20:22Z
2026-02-06T00:21:23-06:00,kind-cluster,5,5,5,5,43,50,219,cpu-nginx-74476f8d7f-dffw4=0m; cpu-nginx-74476f8d7f-m8czx=0m; cpu-nginx-74476f8d7f-vl9sx=0m; cpu-nginx-74476f8d7f-wssgg=0m; cpu-nginx-74476f8d7f-zr58z=219m,76.000,cpu-nginx-74476f8d7f-dffw4=13.000Mi; cpu-nginx-74476f8d7f-m8czx=13.000Mi; cpu-nginx-74476f8d7f-vl9sx=13.000Mi; cpu-nginx-74476f8d7f-wssgg=13.000Mi; cpu-nginx-74476f8d7f-zr58z=24.000Mi,2026-02-06T06:20:22Z
2026-02-06T00:21:24-06:00,kind-cluster,5,5,5,5,43,50,219,cpu-nginx-74476f8d7f-dffw4=0m; cpu-nginx-74476f8d7f-m8czx=0m; cpu-nginx-74476f8d7f-vl9sx=0m; cpu-nginx-74476f8d7f-wssgg=0m; cpu-nginx-74476f8d7f-zr58z=219m,76.000,cpu-nginx-74476f8d7f-dffw4=13.000Mi; cpu-nginx-74476f8d7f-m8czx=13.000Mi; cpu-nginx-74476f8d7f-vl9sx=13.000Mi; cpu-nginx-74476f8d7f-wssgg=13.000Mi; cpu-nginx-74476f8d7f-zr58z=24.000Mi,2026-02-06T06:20:22Z
2026-02-06T00:21:25-06:00,kind-cluster,5,5,5,5,43,50,219,cpu-nginx-74476f8d7f-dffw4=0m; cpu-nginx-74476f8d7f-m8czx=0m; cpu-nginx-74476f8d7f-vl9sx=0m; cpu-nginx-74476f8d7f-wssgg=0m; cpu-nginx-74476f8d7f-zr58z=219m,76.000,cpu-nginx-74476f8d7f-dffw4=13.000Mi; cpu-nginx-74476f8d7f-m8czx=13.000Mi; cpu-nginx-74476f8d7f-vl9sx=13.000Mi; cpu-nginx-74476f8d7f-wssgg=13.000Mi; cpu-nginx-74476f8d7f-zr58z=24.000Mi,2026-02-06T06:20:22Z
2026-02-06T00:21:26-06:00,kind-cluster,5,5,5,5,43,50,219,cpu-nginx-74476f8d7f-dffw4=0m; cpu-nginx-74476f8d7f-m8czx=0m; cpu-nginx-74476f8d7f-vl9sx=0m; cpu-nginx-74476f8d7f-wssgg=0m; cpu-nginx-74476f8d7f-zr58z=219m,76.000,cpu-nginx-74476f8d7f-dffw4=13.000Mi; cpu-nginx-74476f8d7f-m8czx=13.000Mi; cpu-nginx-74476f8d7f-vl9sx=13.000Mi; cpu-nginx-74476f8d7f-wssgg=13.000Mi; cpu-nginx-74476f8d7f-zr58z=24.000Mi,2026-02-06T06:20:22Z
2026-02-06T00:21:27-06:00,kind-cluster,5,5,5,5,43,50,219,cpu-nginx-74476f8d7f-dffw4=0m; cpu-nginx-74476f8d7f-m8czx=0m; cpu-nginx-74476f8d7f-vl9sx=0m; cpu-nginx-74476f8d7f-wssgg=0m; cpu-nginx-74476f8d7f-zr58z=219m,76.000,cpu-nginx-74476f8d7f-dffw4=13.000Mi; cpu-nginx-74476f8d7f-m8czx=13.000Mi; cpu-nginx-74476f8d7f-vl9sx=13.000Mi; cpu-nginx-74476f8d7f-wssgg=13.000Mi; cpu-nginx-74476f8d7f-zr58z=24.000Mi,2026-02-06T06:20:22Z
2026-02-06T00:21:28-06:00,kind-cluster,5,5,5,5,43,50,219,cpu-nginx-74476f8d7f-dffw4=0m; cpu-nginx-74476f8d7f-m8czx=0m; cpu-nginx-74476f8d7f-vl9sx=0m; cpu-nginx-74476f8d7f-wssgg=0m; cpu-nginx-74476f8d7f-zr58z=219m,76.000,cpu-nginx-74476f8d7f-dffw4=13.000Mi; cpu-nginx-74476f8d7f-m8czx=13.000Mi; cpu-nginx-74476f8d7f-vl9sx=13.000Mi; cpu-nginx-74476f8d7f-wssgg=13.000Mi; cpu-nginx-74476f8d7f-zr58z=24.000Mi,2026-02-06T06:20:22Z
2026-02-06T00:21:30-06:00,kind-cluster,5,5,5,5,43,50,219,cpu-nginx-74476f8d7f-dffw4=0m; cpu-nginx-74476f8d7f-m8czx=0m; cpu-nginx-74476f8d7f-vl9sx=0m; cpu-nginx-74476f8d7f-wssgg=0m; cpu-nginx-74476f8d7f-zr58z=219m,76.000,cpu-nginx-74476f8d7f-dffw4=13.000Mi; cpu-nginx-74476f8d7f-m8czx=13.000Mi; cpu-nginx-74476f8d7f-vl9sx=13.000Mi; cpu-nginx-74476f8d7f-wssgg=13.000Mi; cpu-nginx-74476f8d7f-zr58z=24.000Mi,2026-02-06T06:20:22Z
2026-02-06T00:21:31-06:00,kind-cluster,5,5,5,5,43,50,219,cpu-nginx-74476f8d7f-dffw4=0m; cpu-nginx-74476f8d7f-m8czx=0m; cpu-nginx-74476f8d7f-vl9sx=0m; cpu-nginx-74476f8d7f-wssgg=0m; cpu-nginx-74476f8d7f-zr58z=219m,76.000,cpu-nginx-74476f8d7f-dffw4=13.000Mi; cpu-nginx-74476f8d7f-m8czx=13.000Mi; cpu-nginx-74476f8d7f-vl9sx=13.000Mi; cpu-nginx-74476f8d7f-wssgg=13.000Mi; cpu-nginx-74476f8d7f-zr58z=24.000Mi,2026-02-06T06:20:22Z
2026-02-06T00:21:32-06:00,kind-cluster,5,5,5,5,43,50,219,cpu-nginx-74476f8d7f-dffw4=0m; cpu-nginx-74476f8d7f-m8czx=0m; cpu-nginx-74476f8d7f-vl9sx=0m; cpu-nginx-74476f8d7f-wssgg=0m; cpu-nginx-74476f8d7f-zr58z=219m,76.000,cpu-nginx-74476f8d7f-dffw4=13.000Mi; cpu-nginx-74476f8d7f-m8czx=13.000Mi; cpu-nginx-74476f8d7f-vl9sx=13.000Mi; cpu-nginx-74476f8d7f-wssgg=13.000Mi; cpu-nginx-74476f8d7f-zr58z=24.000Mi,2026-02-06T06:20:22Z
2026-02-06T00:21:33-06:00,kind-cluster,5,5,5,5,43,50,219,cpu-nginx-74476f8d7f-dffw4=0m; cpu-nginx-74476f8d7f-m8czx=0m; cpu-nginx-74476f8d7f-vl9sx=0m; cpu-nginx-74476f8d7f-wssgg=0m; cpu-nginx-74476f8d7f-zr58z=219m,76.000,cpu-nginx-74476f8d7f-dffw4=13.000Mi; cpu-nginx-74476f8d7f-m8czx=13.000Mi; cpu-nginx-74476f8d7f-vl9sx=13.000Mi; cpu-nginx-74476f8d7f-wssgg=13.000Mi; cpu-nginx-74476f8d7f-zr58z=24.000Mi,2026-02-06T06:20:22Z
2026-02-06T00:21:34-06:00,kind-cluster,5,5,5,5,43,50,222,cpu-nginx-74476f8d7f-dffw4=0m; cpu-nginx-74476f8d7f-m8czx=1m; cpu-nginx-74476f8d7f-vl9sx=1m; cpu-nginx-74476f8d7f-wssgg=1m; cpu-nginx-74476f8d7f-zr58z=219m,76.000,cpu-nginx-74476f8d7f-dffw4=13.000Mi; cpu-nginx-74476f8d7f-m8czx=13.000Mi; cpu-nginx-74476f8d7f-vl9sx=13.000Mi; cpu-nginx-74476f8d7f-wssgg=13.000Mi; cpu-nginx-74476f8d7f-zr58z=24.000Mi,2026-02-06T06:20:22Z
2026-02-06T00:21:36-06:00,kind-cluster,5,5,5,5,43,50,222,cpu-nginx-74476f8d7f-dffw4=0m; cpu-nginx-74476f8d7f-m8czx=1m; cpu-nginx-74476f8d7f-vl9sx=1m; cpu-nginx-74476f8d7f-wssgg=1m; cpu-nginx-74476f8d7f-zr58z=219m,76.000,cpu-nginx-74476f8d7f-dffw4=13.000Mi; cpu-nginx-74476f8d7f-m8czx=13.000Mi; cpu-nginx-74476f8d7f-vl9sx=13.000Mi; cpu-nginx-74476f8d7f-wssgg=13.000Mi; cpu-nginx-74476f8d7f-zr58z=24.000Mi,2026-02-06T06:20:22Z
2026-02-06T00:21:37-06:00,kind-cluster,5,5,5,5,44,50,222,cpu-nginx-74476f8d7f-dffw4=0m; cpu-nginx-74476f8d7f-m8czx=1m; cpu-nginx-74476f8d7f-vl9sx=1m; cpu-nginx-74476f8d7f-wssgg=1m; cpu-nginx-74476f8d7f-zr58z=219m,76.000,cpu-nginx-74476f8d7f-dffw4=13.000Mi; cpu-nginx-74476f8d7f-m8czx=13.000Mi; cpu-nginx-74476f8d7f-vl9sx=13.000Mi; cpu-nginx-74476f8d7f-wssgg=13.000Mi; cpu-nginx-74476f8d7f-zr58z=24.000Mi,2026-02-06T06:20:22Z
2026-02-06T00:21:38-06:00,kind-cluster,5,5,5,5,44,50,222,cpu-nginx-74476f8d7f-dffw4=0m; cpu-nginx-74476f8d7f-m8czx=1m; cpu-nginx-74476f8d7f-vl9sx=1m; cpu-nginx-74476f8d7f-wssgg=1m; cpu-nginx-74476f8d7f-zr58z=219m,76.000,cpu-nginx-74476f8d7f-dffw4=13.000Mi; cpu-nginx-74476f8d7f-m8czx=13.000Mi; cpu-nginx-74476f8d7f-vl9sx=13.000Mi; cpu-nginx-74476f8d7f-wssgg=13.000Mi; cpu-nginx-74476f8d7f-zr58z=24.000Mi,2026-02-06T06:20:22Z
2026-02-06T00:21:39-06:00,kind-cluster,5,5,5,5,44,50,222,cpu-nginx-74476f8d7f-dffw4=0m; cpu-nginx-74476f8d7f-m8czx=1m; cpu-nginx-74476f8d7f-vl9sx=1m; cpu-nginx-74476f8d7f-wssgg=1m; cpu-nginx-74476f8d7f-zr58z=219m,76.000,cpu-nginx-74476f8d7f-dffw4=13.000Mi; cpu-nginx-74476f8d7f-m8czx=13.000Mi; cpu-nginx-74476f8d7f-vl9sx=13.000Mi; cpu-nginx-74476f8d7f-wssgg=13.000Mi; cpu-nginx-74476f8d7f-zr58z=24.000Mi,2026-02-06T06:20:22Z
2026-02-06T00:21:40-06:00,kind-cluster,5,5,5,5,44,50,222,cpu-nginx-74476f8d7f-dffw4=0m; cpu-nginx-74476f8d7f-m8czx=1m; cpu-nginx-74476f8d7f-vl9sx=1m; cpu-nginx-74476f8d7f-wssgg=1m; cpu-nginx-74476f8d7f-zr58z=219m,76.000,cpu-nginx-74476f8d7f-dffw4=13.000Mi; cpu-nginx-74476f8d7f-m8czx=13.000Mi; cpu-nginx-74476f8d7f-vl9sx=13.000Mi; cpu-nginx-74476f8d7f-wssgg=13.000Mi; cpu-nginx-74476f8d7f-zr58z=24.000Mi,2026-02-06T06:20:22Z
2026-02-06T00:21:42-06:00,kind-cluster,5,5,5,5,44,50,222,cpu-nginx-74476f8d7f-dffw4=0m; cpu-nginx-74476f8d7f-m8czx=1m; cpu-nginx-74476f8d7f-vl9sx=1m; cpu-nginx-74476f8d7f-wssgg=1m; cpu-nginx-74476f8d7f-zr58z=219m,76.000,cpu-nginx-74476f8d7f-dffw4=13.000Mi; cpu-nginx-74476f8d7f-m8czx=13.000Mi; cpu-nginx-74476f8d7f-vl9sx=13.000Mi; cpu-nginx-74476f8d7f-wssgg=13.000Mi; cpu-nginx-74476f8d7f-zr58z=24.000Mi,2026-02-06T06:20:22Z
2026-02-06T00:21:43-06:00,kind-cluster,5,5,5,5,44,50,222,cpu-nginx-74476f8d7f-dffw4=0m; cpu-nginx-74476f8d7f-m8czx=1m; cpu-nginx-74476f8d7f-vl9sx=1m; cpu-nginx-74476f8d7f-wssgg=1m; cpu-nginx-74476f8d7f-zr58z=219m,76.000,cpu-nginx-74476f8d7f-dffw4=13.000Mi; cpu-nginx-74476f8d7f-m8czx=13.000Mi; cpu-nginx-74476f8d7f-vl9sx=13.000Mi; cpu-nginx-74476f8d7f-wssgg=13.000Mi; cpu-nginx-74476f8d7f-zr58z=24.000Mi,2026-02-06T06:20:22Z
2026-02-06T00:21:44-06:00,kind-cluster,5,5,5,5,44,50,222,cpu-nginx-74476f8d7f-dffw4=0m; cpu-nginx-74476f8d7f-m8czx=1m; cpu-nginx-74476f8d7f-vl9sx=1m; cpu-nginx-74476f8d7f-wssgg=1m; cpu-nginx-74476f8d7f-zr58z=219m,76.000,cpu-nginx-74476f8d7f-dffw4=13.000Mi; cpu-nginx-74476f8d7f-m8czx=13.000Mi; cpu-nginx-74476f8d7f-vl9sx=13.000Mi; cpu-nginx-74476f8d7f-wssgg=13.000Mi; cpu-nginx-74476f8d7f-zr58z=24.000Mi,2026-02-06T06:20:22Z
2026-02-06T00:21:45-06:00,kind-cluster,5,5,5,5,44,50,222,cpu-nginx-74476f8d7f-dffw4=0m; cpu-nginx-74476f8d7f-m8czx=1m; cpu-nginx-74476f8d7f-vl9sx=1m; cpu-nginx-74476f8d7f-wssgg=1m; cpu-nginx-74476f8d7f-zr58z=219m,76.000,cpu-nginx-74476f8d7f-dffw4=13.000Mi; cpu-nginx-74476f8d7f-m8czx=13.000Mi; cpu-nginx-74476f8d7f-vl9sx=13.000Mi; cpu-nginx-74476f8d7f-wssgg=13.000Mi; cpu-nginx-74476f8d7f-zr58z=24.000Mi,2026-02-06T06:20:22Z
2026-02-06T00:21:46-06:00,kind-cluster,5,5,5,5,44,50,222,cpu-nginx-74476f8d7f-dffw4=0m; cpu-nginx-74476f8d7f-m8czx=1m; cpu-nginx-74476f8d7f-vl9sx=1m; cpu-nginx-74476f8d7f-wssgg=1m; cpu-nginx-74476f8d7f-zr58z=219m,76.000,cpu-nginx-74476f8d7f-dffw4=13.000Mi; cpu-nginx-74476f8d7f-m8czx=13.000Mi; cpu-nginx-74476f8d7f-vl9sx=13.000Mi; cpu-nginx-74476f8d7f-wssgg=13.000Mi; cpu-nginx-74476f8d7f-zr58z=24.000Mi,2026-02-06T06:20:22Z
2026-02-06T00:21:47-06:00,kind-cluster,5,5,5,5,44,50,222,cpu-nginx-74476f8d7f-dffw4=0m; cpu-nginx-74476f8d7f-m8czx=1m; cpu-nginx-74476f8d7f-vl9sx=1m; cpu-nginx-74476f8d7f-wssgg=1m; cpu-nginx-74476f8d7f-zr58z=219m,76.000,cpu-nginx-74476f8d7f-dffw4=13.000Mi; cpu-nginx-74476f8d7f-m8czx=13.000Mi; cpu-nginx-74476f8d7f-vl9sx=13.000Mi; cpu-nginx-74476f8d7f-wssgg=13.000Mi; cpu-nginx-74476f8d7f-zr58z=24.000Mi,2026-02-06T06:20:22Z
2026-02-06T00:21:49-06:00,kind-cluster,5,5,5,5,44,50,222,cpu-nginx-74476f8d7f-dffw4=0m; cpu-nginx-74476f8d7f-m8czx=1m; cpu-nginx-74476f8d7f-vl9sx=1m; cpu-nginx-74476f8d7f-wssgg=1m; cpu-nginx-74476f8d7f-zr58z=219m,76.000,cpu-nginx-74476f8d7f-dffw4=13.000Mi; cpu-nginx-74476f8d7f-m8czx=13.000Mi; cpu-nginx-74476f8d7f-vl9sx=13.000Mi; cpu-nginx-74476f8d7f-wssgg=13.000Mi; cpu-nginx-74476f8d7f-zr58z=24.000Mi,2026-02-06T06:20:22Z
2026-02-06T00:21:50-06:00,kind-cluster,5,5,5,5,44,50,219,cpu-nginx-74476f8d7f-dffw4=1m; cpu-nginx-74476f8d7f-m8czx=0m; cpu-nginx-74476f8d7f-vl9sx=1m; cpu-nginx-74476f8d7f-wssgg=0m; cpu-nginx-74476f8d7f-zr58z=217m,76.000,cpu-nginx-74476f8d7f-dffw4=13.000Mi; cpu-nginx-74476f8d7f-m8czx=13.000Mi; cpu-nginx-74476f8d7f-vl9sx=13.000Mi; cpu-nginx-74476f8d7f-wssgg=13.000Mi; cpu-nginx-74476f8d7f-zr58z=24.000Mi,2026-02-06T06:20:22Z
2026-02-06T00:21:51-06:00,kind-cluster,5,5,5,5,44,50,219,cpu-nginx-74476f8d7f-dffw4=1m; cpu-nginx-74476f8d7f-m8czx=0m; cpu-nginx-74476f8d7f-vl9sx=1m; cpu-nginx-74476f8d7f-wssgg=0m; cpu-nginx-74476f8d7f-zr58z=217m,76.000,cpu-nginx-74476f8d7f-dffw4=13.000Mi; cpu-nginx-74476f8d7f-m8czx=13.000Mi; cpu-nginx-74476f8d7f-vl9sx=13.000Mi; cpu-nginx-74476f8d7f-wssgg=13.000Mi; cpu-nginx-74476f8d7f-zr58z=24.000Mi,2026-02-06T06:20:22Z
2026-02-06T00:21:52-06:00,kind-cluster,5,5,5,5,43,50,219,cpu-nginx-74476f8d7f-dffw4=1m; cpu-nginx-74476f8d7f-m8czx=0m; cpu-nginx-74476f8d7f-vl9sx=1m; cpu-nginx-74476f8d7f-wssgg=0m; cpu-nginx-74476f8d7f-zr58z=217m,76.000,cpu-nginx-74476f8d7f-dffw4=13.000Mi; cpu-nginx-74476f8d7f-m8czx=13.000Mi; cpu-nginx-74476f8d7f-vl9sx=13.000Mi; cpu-nginx-74476f8d7f-wssgg=13.000Mi; cpu-nginx-74476f8d7f-zr58z=24.000Mi,2026-02-06T06:20:22Z
2026-02-06T00:21:53-06:00,kind-cluster,5,5,5,5,43,50,219,cpu-nginx-74476f8d7f-dffw4=1m; cpu-nginx-74476f8d7f-m8czx=0m; cpu-nginx-74476f8d7f-vl9sx=1m; cpu-nginx-74476f8d7f-wssgg=0m; cpu-nginx-74476f8d7f-zr58z=217m,76.000,cpu-nginx-74476f8d7f-dffw4=13.000Mi; cpu-nginx-74476f8d7f-m8czx=13.000Mi; cpu-nginx-74476f8d7f-vl9sx=13.000Mi; cpu-nginx-74476f8d7f-wssgg=13.000Mi; cpu-nginx-74476f8d7f-zr58z=24.000Mi,2026-02-06T06:20:22Z
2026-02-06T00:21:54-06:00,kind-cluster,5,5,5,5,43,50,219,cpu-nginx-74476f8d7f-dffw4=1m; cpu-nginx-74476f8d7f-m8czx=0m; cpu-nginx-74476f8d7f-vl9sx=1m; cpu-nginx-74476f8d7f-wssgg=0m; cpu-nginx-74476f8d7f-zr58z=217m,76.000,cpu-nginx-74476f8d7f-dffw4=13.000Mi; cpu-nginx-74476f8d7f-m8czx=13.000Mi; cpu-nginx-74476f8d7f-vl9sx=13.000Mi; cpu-nginx-74476f8d7f-wssgg=13.000Mi; cpu-nginx-74476f8d7f-zr58z=24.000Mi,2026-02-06T06:20:22Z
2026-02-06T00:21:56-06:00,kind-cluster,5,5,5,5,43,50,219,cpu-nginx-74476f8d7f-dffw4=1m; cpu-nginx-74476f8d7f-m8czx=0m; cpu-nginx-74476f8d7f-vl9sx=1m; cpu-nginx-74476f8d7f-wssgg=0m; cpu-nginx-74476f8d7f-zr58z=217m,76.000,cpu-nginx-74476f8d7f-dffw4=13.000Mi; cpu-nginx-74476f8d7f-m8czx=13.000Mi; cpu-nginx-74476f8d7f-vl9sx=13.000Mi; cpu-nginx-74476f8d7f-wssgg=13.000Mi; cpu-nginx-74476f8d7f-zr58z=24.000Mi,2026-02-06T06:20:22Z
2026-02-06T00:21:57-06:00,kind-cluster,5,5,5,5,43,50,219,cpu-nginx-74476f8d7f-dffw4=1m; cpu-nginx-74476f8d7f-m8czx=0m; cpu-nginx-74476f8d7f-vl9sx=1m; cpu-nginx-74476f8d7f-wssgg=0m; cpu-nginx-74476f8d7f-zr58z=217m,76.000,cpu-nginx-74476f8d7f-dffw4=13.000Mi; cpu-nginx-74476f8d7f-m8czx=13.000Mi; cpu-nginx-74476f8d7f-vl9sx=13.000Mi; cpu-nginx-74476f8d7f-wssgg=13.000Mi; cpu-nginx-74476f8d7f-zr58z=24.000Mi,2026-02-06T06:20:22Z
2026-02-06T00:21:58-06:00,kind-cluster,5,5,5,5,43,50,219,cpu-nginx-74476f8d7f-dffw4=1m; cpu-nginx-74476f8d7f-m8czx=0m; cpu-nginx-74476f8d7f-vl9sx=1m; cpu-nginx-74476f8d7f-wssgg=0m; cpu-nginx-74476f8d7f-zr58z=217m,76.000,cpu-nginx-74476f8d7f-dffw4=13.000Mi; cpu-nginx-74476f8d7f-m8czx=13.000Mi; cpu-nginx-74476f8d7f-vl9sx=13.000Mi; cpu-nginx-74476f8d7f-wssgg=13.000Mi; cpu-nginx-74476f8d7f-zr58z=24.000Mi,2026-02-06T06:20:22Z
2026-02-06T00:21:59-06:00,kind-cluster,5,5,5,5,43,50,219,cpu-nginx-74476f8d7f-dffw4=1m; cpu-nginx-74476f8d7f-m8czx=0m; cpu-nginx-74476f8d7f-vl9sx=1m; cpu-nginx-74476f8d7f-wssgg=0m; cpu-nginx-74476f8d7f-zr58z=217m,76.000,cpu-nginx-74476f8d7f-dffw4=13.000Mi; cpu-nginx-74476f8d7f-m8czx=13.000Mi; cpu-nginx-74476f8d7f-vl9sx=13.000Mi; cpu-nginx-74476f8d7f-wssgg=13.000Mi; cpu-nginx-74476f8d7f-zr58z=24.000Mi,2026-02-06T06:20:22Z
2026-02-06T00:22:00-06:00,kind-cluster,5,5,5,5,43,50,219,cpu-nginx-74476f8d7f-dffw4=1m; cpu-nginx-74476f8d7f-m8czx=0m; cpu-nginx-74476f8d7f-vl9sx=1m; cpu-nginx-74476f8d7f-wssgg=0m; cpu-nginx-74476f8d7f-zr58z=217m,76.000,cpu-nginx-74476f8d7f-dffw4=13.000Mi; cpu-nginx-74476f8d7f-m8czx=13.000Mi; cpu-nginx-74476f8d7f-vl9sx=13.000Mi; cpu-nginx-74476f8d7f-wssgg=13.000Mi; cpu-nginx-74476f8d7f-zr58z=24.000Mi,2026-02-06T06:20:22Z
2026-02-06T00:22:02-06:00,kind-cluster,5,5,5,5,43,50,219,cpu-nginx-74476f8d7f-dffw4=1m; cpu-nginx-74476f8d7f-m8czx=0m; cpu-nginx-74476f8d7f-vl9sx=1m; cpu-nginx-74476f8d7f-wssgg=0m; cpu-nginx-74476f8d7f-zr58z=217m,76.000,cpu-nginx-74476f8d7f-dffw4=13.000Mi; cpu-nginx-74476f8d7f-m8czx=13.000Mi; cpu-nginx-74476f8d7f-vl9sx=13.000Mi; cpu-nginx-74476f8d7f-wssgg=13.000Mi; cpu-nginx-74476f8d7f-zr58z=24.000Mi,2026-02-06T06:20:22Z
2026-02-06T00:22:03-06:00,kind-cluster,5,5,5,5,43,50,219,cpu-nginx-74476f8d7f-dffw4=1m; cpu-nginx-74476f8d7f-m8czx=0m; cpu-nginx-74476f8d7f-vl9sx=1m; cpu-nginx-74476f8d7f-wssgg=0m; cpu-nginx-74476f8d7f-zr58z=217m,76.000,cpu-nginx-74476f8d7f-dffw4=13.000Mi; cpu-nginx-74476f8d7f-m8czx=13.000Mi; cpu-nginx-74476f8d7f-vl9sx=13.000Mi; cpu-nginx-74476f8d7f-wssgg=13.000Mi; cpu-nginx-74476f8d7f-zr58z=24.000Mi,2026-02-06T06:20:22Z
2026-02-06T00:22:04-06:00,kind-cluster,5,5,5,5,43,50,219,cpu-nginx-74476f8d7f-dffw4=1m; cpu-nginx-74476f8d7f-m8czx=0m; cpu-nginx-74476f8d7f-vl9sx=1m; cpu-nginx-74476f8d7f-wssgg=0m; cpu-nginx-74476f8d7f-zr58z=217m,76.000,cpu-nginx-74476f8d7f-dffw4=13.000Mi; cpu-nginx-74476f8d7f-m8czx=13.000Mi; cpu-nginx-74476f8d7f-vl9sx=13.000Mi; cpu-nginx-74476f8d7f-wssgg=13.000Mi; cpu-nginx-74476f8d7f-zr58z=24.000Mi,2026-02-06T06:20:22Z
2026-02-06T00:22:05-06:00,kind-cluster,5,5,5,5,43,50,216,cpu-nginx-74476f8d7f-dffw4=0m; cpu-nginx-74476f8d7f-m8czx=0m; cpu-nginx-74476f8d7f-vl9sx=0m; cpu-nginx-74476f8d7f-wssgg=0m; cpu-nginx-74476f8d7f-zr58z=216m,76.000,cpu-nginx-74476f8d7f-dffw4=13.000Mi; cpu-nginx-74476f8d7f-m8czx=13.000Mi; cpu-nginx-74476f8d7f-vl9sx=13.000Mi; cpu-nginx-74476f8d7f-wssgg=13.000Mi; cpu-nginx-74476f8d7f-zr58z=24.000Mi,2026-02-06T06:20:22Z
2026-02-06T00:22:06-06:00,kind-cluster,5,5,5,5,43,50,216,cpu-nginx-74476f8d7f-dffw4=0m; cpu-nginx-74476f8d7f-m8czx=0m; cpu-nginx-74476f8d7f-vl9sx=0m; cpu-nginx-74476f8d7f-wssgg=0m; cpu-nginx-74476f8d7f-zr58z=216m,76.000,cpu-nginx-74476f8d7f-dffw4=13.000Mi; cpu-nginx-74476f8d7f-m8czx=13.000Mi; cpu-nginx-74476f8d7f-vl9sx=13.000Mi; cpu-nginx-74476f8d7f-wssgg=13.000Mi; cpu-nginx-74476f8d7f-zr58z=24.000Mi,2026-02-06T06:20:22Z
2026-02-06T00:22:07-06:00,kind-cluster,5,5,5,5,43,50,216,cpu-nginx-74476f8d7f-dffw4=0m; cpu-nginx-74476f8d7f-m8czx=0m; cpu-nginx-74476f8d7f-vl9sx=0m; cpu-nginx-74476f8d7f-wssgg=0m; cpu-nginx-74476f8d7f-zr58z=216m,76.000,cpu-nginx-74476f8d7f-dffw4=13.000Mi; cpu-nginx-74476f8d7f-m8czx=13.000Mi; cpu-nginx-74476f8d7f-vl9sx=13.000Mi; cpu-nginx-74476f8d7f-wssgg=13.000Mi; cpu-nginx-74476f8d7f-zr58z=24.000Mi,2026-02-06T06:20:22Z
2026-02-06T00:22:09-06:00,kind-cluster,5,5,5,5,43,50,216,cpu-nginx-74476f8d7f-dffw4=0m; cpu-nginx-74476f8d7f-m8czx=0m; cpu-nginx-74476f8d7f-vl9sx=0m; cpu-nginx-74476f8d7f-wssgg=0m; cpu-nginx-74476f8d7f-zr58z=216m,76.000,cpu-nginx-74476f8d7f-dffw4=13.000Mi; cpu-nginx-74476f8d7f-m8czx=13.000Mi; cpu-nginx-74476f8d7f-vl9sx=13.000Mi; cpu-nginx-74476f8d7f-wssgg=13.000Mi; cpu-nginx-74476f8d7f-zr58z=24.000Mi,2026-02-06T06:20:22Z
2026-02-06T00:22:10-06:00,kind-cluster,5,5,5,5,43,50,216,cpu-nginx-74476f8d7f-dffw4=0m; cpu-nginx-74476f8d7f-m8czx=0m; cpu-nginx-74476f8d7f-vl9sx=0m; cpu-nginx-74476f8d7f-wssgg=0m; cpu-nginx-74476f8d7f-zr58z=216m,76.000,cpu-nginx-74476f8d7f-dffw4=13.000Mi; cpu-nginx-74476f8d7f-m8czx=13.000Mi; cpu-nginx-74476f8d7f-vl9sx=13.000Mi; cpu-nginx-74476f8d7f-wssgg=13.000Mi; cpu-nginx-74476f8d7f-zr58z=24.000Mi,2026-02-06T06:20:22Z
2026-02-06T00:22:11-06:00,kind-cluster,5,5,5,5,43,50,216,cpu-nginx-74476f8d7f-dffw4=0m; cpu-nginx-74476f8d7f-m8czx=0m; cpu-nginx-74476f8d7f-vl9sx=0m; cpu-nginx-74476f8d7f-wssgg=0m; cpu-nginx-74476f8d7f-zr58z=216m,76.000,cpu-nginx-74476f8d7f-dffw4=13.000Mi; cpu-nginx-74476f8d7f-m8czx=13.000Mi; cpu-nginx-74476f8d7f-vl9sx=13.000Mi; cpu-nginx-74476f8d7f-wssgg=13.000Mi; cpu-nginx-74476f8d7f-zr58z=24.000Mi,2026-02-06T06:20:22Z
2026-02-06T00:22:12-06:00,kind-cluster,5,5,5,5,43,50,216,cpu-nginx-74476f8d7f-dffw4=0m; cpu-nginx-74476f8d7f-m8czx=0m; cpu-nginx-74476f8d7f-vl9sx=0m; cpu-nginx-74476f8d7f-wssgg=0m; cpu-nginx-74476f8d7f-zr58z=216m,76.000,cpu-nginx-74476f8d7f-dffw4=13.000Mi; cpu-nginx-74476f8d7f-m8czx=13.000Mi; cpu-nginx-74476f8d7f-vl9sx=13.000Mi; cpu-nginx-74476f8d7f-wssgg=13.000Mi; cpu-nginx-74476f8d7f-zr58z=24.000Mi,2026-02-06T06:20:22Z
2026-02-06T00:22:13-06:00,kind-cluster,5,5,5,5,43,50,216,cpu-nginx-74476f8d7f-dffw4=0m; cpu-nginx-74476f8d7f-m8czx=0m; cpu-nginx-74476f8d7f-vl9sx=0m; cpu-nginx-74476f8d7f-wssgg=0m; cpu-nginx-74476f8d7f-zr58z=216m,76.000,cpu-nginx-74476f8d7f-dffw4=13.000Mi; cpu-nginx-74476f8d7f-m8czx=13.000Mi; cpu-nginx-74476f8d7f-vl9sx=13.000Mi; cpu-nginx-74476f8d7f-wssgg=13.000Mi; cpu-nginx-74476f8d7f-zr58z=24.000Mi,2026-02-06T06:20:22Z
2026-02-06T00:22:14-06:00,kind-cluster,5,5,5,5,43,50,216,cpu-nginx-74476f8d7f-dffw4=0m; cpu-nginx-74476f8d7f-m8czx=0m; cpu-nginx-74476f8d7f-vl9sx=0m; cpu-nginx-74476f8d7f-wssgg=0m; cpu-nginx-74476f8d7f-zr58z=216m,76.000,cpu-nginx-74476f8d7f-dffw4=13.000Mi; cpu-nginx-74476f8d7f-m8czx=13.000Mi; cpu-nginx-74476f8d7f-vl9sx=13.000Mi; cpu-nginx-74476f8d7f-wssgg=13.000Mi; cpu-nginx-74476f8d7f-zr58z=24.000Mi,2026-02-06T06:20:22Z
2026-02-06T00:22:16-06:00,kind-cluster,5,5,5,5,43,50,216,cpu-nginx-74476f8d7f-dffw4=0m; cpu-nginx-74476f8d7f-m8czx=0m; cpu-nginx-74476f8d7f-vl9sx=0m; cpu-nginx-74476f8d7f-wssgg=0m; cpu-nginx-74476f8d7f-zr58z=216m,76.000,cpu-nginx-74476f8d7f-dffw4=13.000Mi; cpu-nginx-74476f8d7f-m8czx=13.000Mi; cpu-nginx-74476f8d7f-vl9sx=13.000Mi; cpu-nginx-74476f8d7f-wssgg=13.000Mi; cpu-nginx-74476f8d7f-zr58z=24.000Mi,2026-02-06T06:20:22Z
2026-02-06T00:22:17-06:00,kind-cluster,5,5,5,5,43,50,216,cpu-nginx-74476f8d7f-dffw4=0m; cpu-nginx-74476f8d7f-m8czx=0m; cpu-nginx-74476f8d7f-vl9sx=0m; cpu-nginx-74476f8d7f-wssgg=0m; cpu-nginx-74476f8d7f-zr58z=216m,76.000,cpu-nginx-74476f8d7f-dffw4=13.000Mi; cpu-nginx-74476f8d7f-m8czx=13.000Mi; cpu-nginx-74476f8d7f-vl9sx=13.000Mi; cpu-nginx-74476f8d7f-wssgg=13.000Mi; cpu-nginx-74476f8d7f-zr58z=24.000Mi,2026-02-06T06:20:22Z
2026-02-06T00:22:18-06:00,kind-cluster,5,5,5,5,43,50,216,cpu-nginx-74476f8d7f-dffw4=0m; cpu-nginx-74476f8d7f-m8czx=0m; cpu-nginx-74476f8d7f-vl9sx=0m; cpu-nginx-74476f8d7f-wssgg=0m; cpu-nginx-74476f8d7f-zr58z=216m,76.000,cpu-nginx-74476f8d7f-dffw4=13.000Mi; cpu-nginx-74476f8d7f-m8czx=13.000Mi; cpu-nginx-74476f8d7f-vl9sx=13.000Mi; cpu-nginx-74476f8d7f-wssgg=13.000Mi; cpu-nginx-74476f8d7f-zr58z=24.000Mi,2026-02-06T06:20:22Z
2026-02-06T00:22:19-06:00,kind-cluster,5,5,5,5,43,50,216,cpu-nginx-74476f8d7f-dffw4=0m; cpu-nginx-74476f8d7f-m8czx=0m; cpu-nginx-74476f8d7f-vl9sx=0m; cpu-nginx-74476f8d7f-wssgg=0m; cpu-nginx-74476f8d7f-zr58z=216m,76.000,cpu-nginx-74476f8d7f-dffw4=13.000Mi; cpu-nginx-74476f8d7f-m8czx=13.000Mi; cpu-nginx-74476f8d7f-vl9sx=13.000Mi; cpu-nginx-74476f8d7f-wssgg=13.000Mi; cpu-nginx-74476f8d7f-zr58z=24.000Mi,2026-02-06T06:20:22Z
2026-02-06T00:22:20-06:00,kind-cluster,5,5,5,5,43,50,100,cpu-nginx-74476f8d7f-dffw4=0m; cpu-nginx-74476f8d7f-m8czx=0m; cpu-nginx-74476f8d7f-vl9sx=0m; cpu-nginx-74476f8d7f-wssgg=0m; cpu-nginx-74476f8d7f-zr58z=100m,76.000,cpu-nginx-74476f8d7f-dffw4=13.000Mi; cpu-nginx-74476f8d7f-m8czx=13.000Mi; cpu-nginx-74476f8d7f-vl9sx=13.000Mi; cpu-nginx-74476f8d7f-wssgg=13.000Mi; cpu-nginx-74476f8d7f-zr58z=24.000Mi,2026-02-06T06:20:22Z
2026-02-06T00:22:22-06:00,kind-cluster,5,5,5,5,43,50,100,cpu-nginx-74476f8d7f-dffw4=0m; cpu-nginx-74476f8d7f-m8czx=0m; cpu-nginx-74476f8d7f-vl9sx=0m; cpu-nginx-74476f8d7f-wssgg=0m; cpu-nginx-74476f8d7f-zr58z=100m,76.000,cpu-nginx-74476f8d7f-dffw4=13.000Mi; cpu-nginx-74476f8d7f-m8czx=13.000Mi; cpu-nginx-74476f8d7f-vl9sx=13.000Mi; cpu-nginx-74476f8d7f-wssgg=13.000Mi; cpu-nginx-74476f8d7f-zr58z=24.000Mi,2026-02-06T06:20:22Z
2026-02-06T00:22:23-06:00,kind-cluster,2,2,5,2,20,50,100,cpu-nginx-74476f8d7f-wssgg=0m; cpu-nginx-74476f8d7f-zr58z=100m,37.000,cpu-nginx-74476f8d7f-wssgg=13.000Mi; cpu-nginx-74476f8d7f-zr58z=24.000Mi,2026-02-06T06:22:22Z
2026-02-06T00:22:24-06:00,kind-cluster,2,2,5,2,20,50,100,cpu-nginx-74476f8d7f-wssgg=0m; cpu-nginx-74476f8d7f-zr58z=100m,37.000,cpu-nginx-74476f8d7f-wssgg=13.000Mi; cpu-nginx-74476f8d7f-zr58z=24.000Mi,2026-02-06T06:22:22Z
2026-02-06T00:22:25-06:00,kind-cluster,2,2,5,2,20,50,100,cpu-nginx-74476f8d7f-wssgg=0m; cpu-nginx-74476f8d7f-zr58z=100m,37.000,cpu-nginx-74476f8d7f-wssgg=13.000Mi; cpu-nginx-74476f8d7f-zr58z=24.000Mi,2026-02-06T06:22:22Z
2026-02-06T00:22:26-06:00,kind-cluster,2,2,5,2,20,50,100,cpu-nginx-74476f8d7f-wssgg=0m; cpu-nginx-74476f8d7f-zr58z=100m,37.000,cpu-nginx-74476f8d7f-wssgg=13.000Mi; cpu-nginx-74476f8d7f-zr58z=24.000Mi,2026-02-06T06:22:22Z
2026-02-06T00:22:27-06:00,kind-cluster,2,2,2,2,50,50,100,cpu-nginx-74476f8d7f-wssgg=0m; cpu-nginx-74476f8d7f-zr58z=100m,37.000,cpu-nginx-74476f8d7f-wssgg=13.000Mi; cpu-nginx-74476f8d7f-zr58z=24.000Mi,2026-02-06T06:22:22Z
2026-02-06T00:22:29-06:00,kind-cluster,2,2,2,2,50,50,100,cpu-nginx-74476f8d7f-wssgg=0m; cpu-nginx-74476f8d7f-zr58z=100m,37.000,cpu-nginx-74476f8d7f-wssgg=13.000Mi; cpu-nginx-74476f8d7f-zr58z=24.000Mi,2026-02-06T06:22:22Z
2026-02-06T00:22:30-06:00,kind-cluster,2,2,2,2,50,50,100,cpu-nginx-74476f8d7f-wssgg=0m; cpu-nginx-74476f8d7f-zr58z=100m,37.000,cpu-nginx-74476f8d7f-wssgg=13.000Mi; cpu-nginx-74476f8d7f-zr58z=24.000Mi,2026-02-06T06:22:22Z
2026-02-06T00:22:31-06:00,kind-cluster,2,2,2,2,50,50,100,cpu-nginx-74476f8d7f-wssgg=0m; cpu-nginx-74476f8d7f-zr58z=100m,37.000,cpu-nginx-74476f8d7f-wssgg=13.000Mi; cpu-nginx-74476f8d7f-zr58z=24.000Mi,2026-02-06T06:22:22Z
2026-02-06T00:22:32-06:00,kind-cluster,2,2,2,2,50,50,100,cpu-nginx-74476f8d7f-wssgg=0m; cpu-nginx-74476f8d7f-zr58z=100m,37.000,cpu-nginx-74476f8d7f-wssgg=13.000Mi; cpu-nginx-74476f8d7f-zr58z=24.000Mi,2026-02-06T06:22:22Z
2026-02-06T00:22:33-06:00,kind-cluster,2,2,2,2,50,50,100,cpu-nginx-74476f8d7f-wssgg=0m; cpu-nginx-74476f8d7f-zr58z=100m,37.000,cpu-nginx-74476f8d7f-wssgg=13.000Mi; cpu-nginx-74476f8d7f-zr58z=24.000Mi,2026-02-06T06:22:22Z
2026-02-06T00:22:34-06:00,kind-cluster,2,2,2,2,50,50,2,cpu-nginx-74476f8d7f-wssgg=1m; cpu-nginx-74476f8d7f-zr58z=1m,37.000,cpu-nginx-74476f8d7f-wssgg=13.000Mi; cpu-nginx-74476f8d7f-zr58z=24.000Mi,2026-02-06T06:22:22Z
2026-02-06T00:22:36-06:00,kind-cluster,2,2,2,2,50,50,2,cpu-nginx-74476f8d7f-wssgg=1m; cpu-nginx-74476f8d7f-zr58z=1m,37.000,cpu-nginx-74476f8d7f-wssgg=13.000Mi; cpu-nginx-74476f8d7f-zr58z=24.000Mi,2026-02-06T06:22:22Z
2026-02-06T00:22:37-06:00,kind-cluster,2,2,2,2,50,50,2,cpu-nginx-74476f8d7f-wssgg=1m; cpu-nginx-74476f8d7f-zr58z=1m,37.000,cpu-nginx-74476f8d7f-wssgg=13.000Mi; cpu-nginx-74476f8d7f-zr58z=24.000Mi,2026-02-06T06:22:22Z
2026-02-06T00:22:38-06:00,kind-cluster,1,1,2,1,1,50,1,cpu-nginx-74476f8d7f-zr58z=1m,24.000,cpu-nginx-74476f8d7f-zr58z=24.000Mi,2026-02-06T06:22:37Z
2026-02-06T00:22:39-06:00,kind-cluster,1,1,2,1,1,50,1,cpu-nginx-74476f8d7f-zr58z=1m,24.000,cpu-nginx-74476f8d7f-zr58z=24.000Mi,2026-02-06T06:22:37Z
2026-02-06T00:22:40-06:00,kind-cluster,1,1,2,1,1,50,1,cpu-nginx-74476f8d7f-zr58z=1m,24.000,cpu-nginx-74476f8d7f-zr58z=24.000Mi,2026-02-06T06:22:37Z
2026-02-06T00:22:41-06:00,kind-cluster,1,1,2,1,1,50,1,cpu-nginx-74476f8d7f-zr58z=1m,24.000,cpu-nginx-74476f8d7f-zr58z=24.000Mi,2026-02-06T06:22:37Z
2026-02-06T00:22:43-06:00,kind-cluster,1,1,1,1,1,50,1,cpu-nginx-74476f8d7f-zr58z=1m,24.000,cpu-nginx-74476f8d7f-zr58z=24.000Mi,2026-02-06T06:22:37Z
2026-02-06T00:22:44-06:00,kind-cluster,1,1,1,1,1,50,1,cpu-nginx-74476f8d7f-zr58z=1m,24.000,cpu-nginx-74476f8d7f-zr58z=24.000Mi,2026-02-06T06:22:37Z
